Horario:  Lunes07:00:0011:00:00 - Profesor: Albus,Horario:  Martes08:00:0014:00:00 - Profesor: Albus,Horario:  Jueves14:00:0017:00:00 - Profesor: Albus
Horario:  Lunes07:00:0011:00:00 - Profesor: Albus,Horario:  Martes08:00:0014:00:00 - Profesor: Albus,Horario:  Jueves14:00:0017:00:00 - Profesor: Albus
Horario:  Lunes07:00:0011:00:00 - Profesor: Albus,Horario:  Martes08:00:0014:00:00 - Profesor: Albus,Horario:  Jueves14:00:0017:00:00 - Profesor: Albus
Horario:  Lunes07:00:0011:00:00 - Profesor: Albus,Horario:  Martes08:00:0014:00:00 - Profesor: Albus,Horario:  Jueves14:00:0017:00:00 - Profesor: Albus
Horario:  Lunes07:00:0011:00:00 - Profesor: Albus,Horario:  Martes08:00:0014:00:00 - Profesor: Albus,Horario:  Jueves14:00:0017:00:00 - Profesor: Albus
Horario:  Lunes 07:00:00 11:00:00 - Profesor: Albus,Horario:  Martes 08:00:00 14:00:00 - Profesor: Albus,Horario:  Jueves 14:00:00 17:00:00 - Profesor: Albus
Horario:  Lunes 07:00:00 11:00:00 - Profesor: Albus,Horario:  Martes 08:00:00 14:00:00 - Profesor: Albus,Horario:  Jueves 14:00:00 17:00:00 - Profesor: Albus
Horario:  Lunes 07:00:00 11:00:00 - Profesor: Albus,Horario:  Martes 08:00:00 14:00:00 - Profesor: Albus,Horario:  Jueves 14:00:00 17:00:00 - Profesor: Albus
Horario:  Lunes 07:00:00 11:00:00 - Profesor: Albus,Horario:  Martes 08:00:00 14:00:00 - Profesor: Albus,Horario:  Jueves 14:00:00 17:00:00 - Profesor: Albus
Horario:  Lunes 07:00:00 11:00:00 - Profesor: Albus,Horario:  Martes 08:00:00 14:00:00 - Profesor: Albus,Horario:  Jueves 14:00:00 17:00:00 - Profesor: Albus
Horario:  Lunes 07:00:00 11:00:00 - Profesor: Albus,Horario:  Martes 08:00:00 14:00:00 - Profesor: Albus,Horario:  Jueves 14:00:00 17:00:00 - Profesor: Albus
Horario:  Lunes 07:00:00 11:00:00 - Profesor: Albus,Horario:  Martes 08:00:00 14:00:00 - Profesor: Albus,Horario:  Jueves 14:00:00 17:00:00 - Profesor: Albus
Horario:  Lunes 07:00:00 11:00:00 - Profesor: Albus,Horario:  Martes 08:00:00 14:00:00 - Profesor: Albus,Horario:  Jueves 14:00:00 17:00:00 - Profesor: Albus
Horario:  Lunes 07:00:00 11:00:00 - Profesor: Albus,Horario:  Martes 08:00:00 14:00:00 - Profesor: Albus,Horario:  Jueves 14:00:00 17:00:00 - Profesor: Albus
Horario:  Lunes 07:00:00 11:00:00 - Profesor: Albus,Horario:  Martes 08:00:00 14:00:00 - Profesor: Albus,Horario:  Jueves 14:00:00 17:00:00 - Profesor: Albus
